Abingdon 	0 	8.0 	0
Abu Talib 	1 	4.0 	0
Adam 	0 	4.0 	0
Adat 	1 	4.0 	0
Adis 	0 	4.0 	0
Admiralty 	0 	9.0 	1
Afifi 	1 	5.0 	0
Ah Hood 	0 	3.0 	1
Ahmad Ibrahim 	1 	6.0 	0
Ah Soo 	0 	2.5 	0
Ah Soo 	1 	2.5 	0
Ah Thia 	1 	3.0 	0
Aida 	0 	4.0 	0
Airline 	0 	7.0 	1
Airport 	0 	7.0 	1
Airport Cargo 	0 	6.0 	1
Akyab 	0 	5.0 	0
Albert 	0 	6.0 	1
Alexandra 	0 	9.0 	0
Aliwal 	0 	6.0 	0
Aljunied 	0 	8.0 	0
Alkaff 	0 	6.0 	0
Allamanda 	0 	9.0 	1
Allanbrooke 	0 	11.0 	0
Allenby 	0 	7.0 	0
Almond 	0 	6.0 	1
Alnwick 	0 	7.0 	0
Ama Keng 	0 	3.5 	0
Amber 	0 	5.0 	1
Amberwood 	0 	9.0 	0
Amoy 	0 	4.0 	0
Ampang 	1 	6.0 	0
Ampas 	1 	5.0 	0
Anak Bukit 	1 	4.5 	0
Anak Patong 	1 	5.0 	0
Anamalai 	0 	8.0 	0
Anchorvale 	0 	10.0 	0
Anderson 	0 	8.0 	0
Andover 	0 	7.0 	0
Andrew 	0 	6.0 	0
Anggerek 	1 	8.0 	0
Angin Laut 	1 	4.5 	0
Angklong 	0 	8.0 	0
Angklong 	1 	8.0 	0
Ang Mo Kio 	0 	2.66666666667 	0
Angora 	0 	6.0 	1
Angsa 	1 	5.0 	0
Angsana 	0 	7.0 	0
Angullia 	0 	8.0 	0
Angus 	0 	5.0 	0
Ann Siang 	0 	4.0 	0
Anson 	0 	5.0 	0
Anthony 	0 	7.0 	0
Antoi 	1 	5.0 	0
Arab 	0 	4.0 	0
Arcadia 	0 	7.0 	1
Architecture 	0 	12.0 	1
Ardmore 	0 	7.0 	0
Arif 	1 	4.0 	0
Armenian 	0 	8.0 	0
Arnap 	1 	5.0 	0
Arnasalam Chetty 	0 	7.5 	0
Aroozoo 	0 	7.0 	0
Arthur 	0 	6.0 	0
Artillery 	0 	9.0 	1
Arts 	0 	4.0 	1
Aruan 	1 	5.0 	0
Arumugam 	0 	8.0 	0
Asas 	1 	4.0 	0
Ascot 	0 	5.0 	1
Ash 	0 	3.0 	1
Ashwood 	0 	7.0 	0
Asimont 	0 	7.0 	0
Asrama 	1 	6.0 	1
Astrid 	0 	6.0 	0
Asuhan 	1 	6.0 	0
Attap 	0 	5.0 	1
Auckland 	0 	8.0 	0
Ava 	0 	3.0 	1
Aviation 	0 	8.0 	1
Avon 	0 	4.0 	0
Awan 	1 	4.0 	0
Awang 	1 	5.0 	0
Ayam Hutan 	1 	4.5 	0
Ayam Katek 	1 	4.5 	0
Ayer 	1 	4.0 	0
Ayer Molek 	1 	4.5 	0
Ayer Rajah 	0 	4.5 	0
Azam 	1 	4.0 	0
Baboo 	0 	5.0 	0
Bachok 	1 	6.0 	0
Baghdad 	0 	7.0 	0
Bahagia 	1 	7.0 	0
Bahar 	1 	5.0 	0
Bahasa 	1 	6.0 	0
Bahru 	1 	5.0 	0
Bah Soon Pah 	0 	3.33333333333 	1
Bahtera 	1 	7.0 	0
Baiduri 	1 	7.0 	0
Bain 	0 	4.0 	0
Bakar Batu 	1 	4.5 	0
Baker 	0 	5.0 	1
Balam 	0 	5.0 	0
Balestier 	0 	9.0 	0
Bali 	0 	4.0 	0
Baling 	1 	6.0 	1
Ballater 	0 	8.0 	0
Balmeg 	0 	6.0 	0
Balmoral 	0 	8.0 	1
Banda 	0 	5.0 	1
Bandang 	1 	7.0 	0
Bangau 	1 	6.0 	0
Bangket 	1 	7.0 	0
Bangkit 	0 	7.0 	0
Bangsawan 	1 	9.0 	0
Ban San 	0 	3.0 	1
Barbary 	0 	7.0 	0
Barker 	0 	6.0 	1
Bartley 	0 	7.0 	0
Basong 	1 	6.0 	0
Bassein 	0 	7.0 	0
Batai 	1 	5.0 	0
Batalong 	1 	8.0 	0
Batawi 	1 	6.0 	0
Bath 	0 	4.0 	1
Batok 	1 	5.0 	0
Battery 	0 	7.0 	1
Batu 	1 	4.0 	0
Batu Nilam 	1 	4.5 	0
Bayfront 	0 	8.0 	0
Bayshore 	0 	8.0 	0
Bays Water 	0 	4.5 	1
Beach 	0 	5.0 	1
Beatty 	0 	6.0 	0
Beaulieu 	0 	8.0 	0
Bedford 	0 	7.0 	0
Bedok 	0 	5.0 	0
Bedok 	1 	5.0 	0
Bedok Ria 	0 	4.0 	0
Beechwood 	0 	9.0 	1
Bee San 	0 	3.0 	1
Begonia 	0 	7.0 	1
Bekukong 	1 	8.0 	0
Belangkas 	1 	9.0 	0
Belibas 	1 	7.0 	0
Belilios 	0 	8.0 	0
Belimbing 	0 	9.0 	0
Belmont 	0 	7.0 	0
Belvedere 	0 	9.0 	1
Bena 	1 	4.0 	0
Benaan Kapal 	1 	5.5 	0
Bencoolen 	0 	9.0 	0
Bendemeer 	0 	9.0 	0
Beng Huat 	0 	4.0 	0
Bengkok 	1 	7.0 	0
Beng Wan 	0 	3.5 	0
Benoi 	0 	5.0 	0
Beo 	0 	3.0 	0
Beringin 	1 	8.0 	0
Berjaya 	1 	7.0 	0
Berkshire 	0 	9.0 	0
Bermuda 	0 	7.0 	0
Bernam 	0 	6.0 	0
Berrima 	0 	7.0 	0
Berseh 	1 	6.0 	0
Berseri 	1 	7.0 	0
Berwick 	0 	7.0 	0
Besar 	1 	5.0 	0
Besut 	1 	5.0 	0
Bhamo 	0 	5.0 	0
Biawak 	1 	6.0 	0
Bideford 	0 	8.0 	0
Biggin 	0 	6.0 	1
Bilal 	0 	5.0 	0
Bilal 	1 	5.0 	0
Binchang 	0 	8.0 	0
Binchang 	1 	8.0 	0
Bingka 	1 	6.0 	0
Binja 	1 	5.0 	0
Binjai 	0 	6.0 	0
Bintang Tiga 	1 	5.5 	0
Bin Tong 	0 	3.5 	1
Birch 	0 	5.0 	1
Bird 	0 	4.0 	1
Birdcage 	0 	8.0 	1
Bishan 	0 	6.0 	0
Bishops 	0 	7.0 	1
Bishopsgate 	0 	11.0 	0
Bishopswalk 	0 	11.0 	0
Blackmore 	0 	9.0 	0
Blair 	0 	5.0 	0
Blandford 	0 	9.0 	0
Bloxhome 	0 	8.0 	0
Boat 	0 	4.0 	1
Bodmin 	0 	6.0 	0
Bond 	0 	4.0 	1
Bonham 	0 	6.0 	0
Boon Keng 	0 	4.0 	0
Boon Lay 	0 	3.5 	1
Boon Lay 	1 	3.5 	1
Boon Leat 	0 	4.0 	1
Boon Tat 	0 	3.5 	1
Boon Teck 	0 	4.0 	0
Boon Tiong 	0 	4.5 	0
Borthwick 	0 	9.0 	0
Boscombe 	0 	8.0 	0
Bo Seng 	0 	3.0 	0
Boulevard 	0 	9.0 	1
Boundary 	0 	8.0 	1
Bournemouth 	0 	11.0 	0
Bowmont 	0 	7.0 	0
Braddell 	0 	8.0 	0
Braemar 	0 	7.0 	0
Branksome 	0 	9.0 	0
Bras Basah 	0 	4.5 	0
Bridge 	0 	6.0 	1
Bridport 	0 	8.0 	0
Bright 	0 	6.0 	1
Brighton 	0 	8.0 	0
Bristol 	0 	7.0 	1
Brizay 	0 	6.0 	0
Broadrick 	0 	9.0 	0
Brockhampton 	0 	12.0 	0
Brompton 	0 	8.0 	0
Brooke 	0 	6.0 	0
Brookvale 	0 	9.0 	0
Buangkok 	0 	8.0 	0
Buang Kok 	1 	4.0 	0
Buckley 	0 	7.0 	0
Buffalo 	0 	7.0 	1
Bugis 	0 	5.0 	0
Bukit Arang 	0 	5.0 	0
Bukit Batok 	0 	5.0 	0
Bukit Chermin 	0 	6.0 	0
Bukit Ho Swee 	0 	3.66666666667 	0
Bukit Ho Swee 	1 	3.66666666667 	0
Bukit Manis 	0 	5.0 	0
Bukit Merah 	0 	5.0 	0
Bukit Merah 	1 	5.0 	0
Bukit Panjang 	0 	6.0 	0
Bukit Pasoh 	0 	5.0 	0
Bukit Purmei 	0 	5.5 	0
Bukit Sedap 	0 	5.0 	0
Bukit Teresa 	0 	5.5 	0
Bukit Timah 	0 	5.0 	0
Bukit Tinggi 	0 	5.5 	0
Bukit Tunggal 	0 	6.0 	0
Buloh Perindu 	1 	6.0 	0
Bumbong 	1 	7.0 	0
Bunga 	1 	5.0 	0
Bungar 	1 	6.0 	0
Bunga Rampai 	0 	5.5 	0
Bunga Rampai 	1 	5.5 	0
Bunga Raya 	1 	4.5 	0
Buona 	0 	5.0 	0
Burghley 	0 	8.0 	0
Burgundy 	0 	8.0 	1
Burmah 	0 	6.0 	0
Burn 	0 	4.0 	1
Burnfoot 	0 	8.0 	0
Buroh 	0 	5.0 	0
Buroh 	1 	5.0 	0
Bury 	0 	4.0 	1
Business 	0 	8.0 	1
Bussorah 	0 	8.0 	0
Butterfly 	0 	9.0 	1
Butterworth 	0 	11.0 	0
Buyong 	0 	6.0 	0
Cable 	0 	5.0 	1
Cable Car 	0 	4.0 	1
Cactus 	0 	6.0 	1
Cairnhill 	0 	9.0 	0
Caldecott 	0 	9.0 	0
Calshot 	0 	7.0 	0
Camborne 	0 	8.0 	0
Cambridge 	0 	9.0 	0
Camden 	0 	6.0 	0
Cameron 	0 	7.0 	0
Camp 	0 	4.0 	1
Campbell 	0 	8.0 	0
Camphor 	0 	7.0 	1
Canada 	0 	6.0 	0
Canal 	0 	5.0 	1
Canberra 	0 	8.0 	0
Canning 	0 	7.0 	1
Canterbury 	0 	10.0 	1
Canton 	0 	6.0 	1
Cantonment 	0 	10.0 	1
Capricorn 	0 	9.0 	0
Cardiff 	0 	7.0 	0
Carisbrooke 	0 	11.0 	0
Carlisle 	0 	8.0 	0
Carlton 	0 	7.0 	0
Carmen 	0 	6.0 	1
Carmichael 	0 	10.0 	0
Carnation 	0 	9.0 	1
Carpenter 	0 	9.0 	1
Carpmael 	0 	8.0 	0
Carver 	0 	6.0 	1
Caseen 	0 	6.0 	0
Cashew 	0 	6.0 	1
Cashin 	0 	6.0 	0
Cassia 	0 	6.0 	1
Casuarina 	0 	9.0 	1
Catterick 	0 	9.0 	0
Cavan 	0 	5.0 	0
Cavenagh 	0 	8.0 	0
Cecil 	0 	5.0 	0
Cedar 	0 	5.0 	1
Cedarwood 	0 	9.0 	0
Ceylon 	0 	6.0 	0
Chai Chee 	0 	4.0 	0
Chamar 	1 	6.0 	0
Chancery 	0 	8.0 	1
Chang Charn 	0 	5.0 	0
Change Alley 	0 	5.5 	1
Changi 	0 	6.0 	0
Changi 	1 	6.0 	0
Changi Ferry 	0 	5.5 	0
Chapel 	0 	6.0 	1
Charlton 	0 	8.0 	0
Chartwell 	0 	9.0 	0
Chatsworth 	0 	10.0 	0
Chay Yan 	0 	3.5 	0
Cheang Hong Lim 	0 	4.33333333333 	0
Cheang Wan Seng 	0 	4.33333333333 	0
Chee Hoon 	0 	4.0 	0
Chegar 	1 	6.0 	0
Chelagi 	1 	7.0 	0
Chempah 	1 	7.0 	0
Chempaka 	0 	8.0 	0
Chempaka Kuning 	1 	7.0 	0
Chempaka Puteh 	1 	6.5 	0
Chempedak 	1 	9.0 	0
Chencharu 	1 	9.0 	0
Chengai 	1 	7.0 	0
Chengam 	1 	7.0 	0
Chengkek 	1 	8.0 	0
Cheng Lim 	0 	4.0 	0
Cheng Soon 	0 	4.5 	0
Cheng Yan 	0 	4.0 	0
Cheong Chin Nam 	0 	4.33333333333 	0
Cheow Keng 	0 	4.5 	0
Chepstow 	0 	8.0 	0
Cherah 	1 	6.0 	0
Chermai 	1 	7.0 	0
Chermat 	1 	7.0 	0
Cherpen 	1 	7.0 	0
Cherry 	0 	6.0 	1
Chestnut 	0 	8.0 	1
Cheviot 	0 	7.0 	1
Chia Eng Say 	0 	3.33333333333 	0
Chiap Guan 	0 	4.5 	0
Chia Ping 	0 	4.0 	1
Chichau 	1 	7.0 	0
Chiku 	0 	5.0 	0
Chiltern 	0 	8.0 	0
Chin 	0 	4.0 	1
China 	0 	5.0 	1
Chin Bee 	0 	3.5 	1
Chin Cheng 	0 	4.5 	0
Chin Chew 	0 	4.0 	1
Chinese 	0 	7.0 	0
Chin Hin 	0 	3.5 	1
Chin Swee 	0 	4.0 	0
Chiselhurst 	0 	11.0 	0
Chitty 	0 	6.0 	1
Choa Chu Kang 	0 	3.66666666667 	0
Chong Kuo 	0 	4.0 	0
Choon Guan 	0 	4.5 	0
Chorak 	1 	6.0 	0
Chuan 	0 	5.0 	0
Chuan 	1 	5.0 	0
Chuan Hoe 	0 	4.0 	0
Chulek 	1 	6.0 	0
Chulia 	0 	6.0 	0
Chu Lin 	0 	3.0 	0
Chun Tin 	0 	3.5 	0
Chuntum 	1 	7.0 	0
Church 	0 	6.0 	1
Chu Yen 	0 	3.0 	0
Chwee Chian 	0 	5.0 	0
Circuit 	0 	7.0 	1
Circular 	0 	8.0 	1
Circus 	0 	6.0 	1
Clacton 	0 	7.0 	0
Clarence 	0 	8.0 	1
Clarke 	0 	6.0 	0
Claymore 	0 	8.0 	1
Clemenceau 	0 	10.0 	0
Clementi 	0 	8.0 	0
Clifton 	0 	7.0 	0
Clive 	0 	5.0 	0
Clover 	0 	6.0 	1
Club 	0 	4.0 	1
Clunny 	0 	6.0 	0
Cluny 	0 	5.0 	0
Coast 	0 	5.0 	1
Coast Ferry 	0 	5.0 	1
Cochrane 	0 	8.0 	0
Colchester 	0 	10.0 	0
Coldstream 	0 	10.0 	0
Coleman 	0 	7.0 	0
College 	0 	7.0 	1
Collyer 	0 	7.0 	0
Commonwealth 	0 	12.0 	1
Compassvale 	0 	11.0 	0
Coniston 	0 	8.0 	0
Connaught 	0 	9.0 	0
Conway 	0 	6.0 	0
Cook 	0 	4.0 	1
Cooling 	0 	7.0 	1
Coral 	0 	5.0 	1
Corfe 	0 	5.0 	0
Cornwall 	0 	8.0 	0
Coronation 	0 	10.0 	1
Cosford 	0 	7.0 	0
Cotswold 	0 	8.0 	0
Cottesmore 	0 	10.0 	0
Countryside 	0 	11.0 	1
Court 	0 	5.0 	1
Cove 	0 	4.0 	1
Cowdray 	0 	7.0 	0
Cox 	0 	3.0 	1
Craig 	0 	5.0 	1
Cranborne 	0 	9.0 	0
Crane 	0 	5.0 	1
Cranwell 	0 	8.0 	0
Crawford 	0 	8.0 	0
Crescent 	0 	8.0 	1
Crichton 	0 	8.0 	0
Cross 	0 	5.0 	1
Croucher 	0 	8.0 	1
Crowhurst 	0 	9.0 	0
Cuff 	0 	4.0 	1
Cumming 	0 	7.0 	1
Cuppage 	0 	7.0 	0
Cuscaden 	0 	8.0 	0
Cypress 	0 	7.0 	1
Cyprus 	0 	6.0 	1
Daffodil 	0 	8.0 	1
Dafne 	0 	5.0 	0
Dahan 	0 	5.0 	0
Dairy Farm 	0 	4.5 	1
Daisy 	0 	5.0 	1
Dakota 	0 	6.0 	0
Dalhousie 	0 	9.0 	0
Daliah 	1 	6.0 	0
Dalkeith 	0 	8.0 	0
D'almeida 	0 	9.0 	0
Dalvey 	0 	6.0 	0
Damai 	1 	5.0 	0
Danau 	1 	5.0 	0
Dangai 	1 	6.0 	0
Da Silva 	0 	3.5 	1
Datoh 	1 	5.0 	0
Daud 	1 	4.0 	1
Davidson 	0 	8.0 	0
Dawson 	0 	6.0 	0
Deal 	0 	4.0 	1
Dedap 	0 	5.0 	0
Defu 	0 	4.0 	0
Delhi 	0 	5.0 	0
Delta 	0 	5.0 	1
Demak 	1 	5.0 	0
Dempsey 	0 	7.0 	0
Denham 	0 	6.0 	0
Depot 	0 	5.0 	1
Deptford 	0 	8.0 	0
Derbyshire 	0 	10.0 	0
Dermawan 	1 	8.0 	0
Derum 	1 	5.0 	0
Desker 	0 	6.0 	0
De Souza 	0 	3.5 	0
Devonshire 	0 	10.0 	0
Dickenson 	0 	9.0 	0
Dickson 	0 	7.0 	0
Dido 	0 	4.0 	1
Digby 	0 	5.0 	0
Dinding 	1 	7.0 	0
Din Pang 	0 	3.5 	1
Dix 	0 	3.0 	0
Dock 	0 	4.0 	1
Dondang Sayang 	1 	6.5 	0
Dorset 	0 	6.0 	0
Dover 	0 	5.0 	1
Draycott 	0 	8.0 	0
Dryburgh 	0 	8.0 	0
Dua 	1 	3.0 	0
Dublin 	0 	6.0 	0
Duchess 	0 	7.0 	1
Duke 	0 	4.0 	1
Duke's 	0 	6.0 	1
Duku 	0 	4.0 	0
Dunbar 	0 	6.0 	0
Dundee 	0 	6.0 	0
Dunearn 	0 	7.0 	0
Dunkirk 	0 	7.0 	0
Dunlop 	0 	6.0 	0
Dunman 	0 	6.0 	0
Dunsfold 	0 	8.0 	0
Durban 	0 	6.0 	0
Durham 	0 	6.0 	0
Dusan 	1 	5.0 	0
Duxton 	0 	6.0 	0
Dyson 	0 	5.0 	0
Ean Kiam 	0 	3.5 	0
Eastern 	0 	7.0 	1
Eastwood 	0 	8.0 	0
Eaton 	0 	5.0 	0
Eber 	0 	4.0 	0
Eden 	0 	4.0 	0
Edgware 	0 	7.0 	0
Edinburgh 	0 	9.0 	0
Ee Teow Leng 	0 	3.33333333333 	0
Elias 	0 	5.0 	0
Elite 	0 	5.0 	1
Elizabeth 	0 	9.0 	0
Ellenborough 	0 	12.0 	0
Ellington 	0 	9.0 	0
Elliot 	0 	6.0 	0
Ellis 	0 	5.0 	0
Elm 	0 	3.0 	1
Elok 	1 	4.0 	0
Emas Urai 	1 	4.0 	0
Emerald 	0 	7.0 	1
Empat 	1 	5.0 	0
Empress 	0 	7.0 	1
Enam 	1 	4.0 	0
Enggor 	0 	6.0 	0
Eng Hoon 	0 	3.5 	0
Engineering 	0 	11.0 	1
Eng Kong 	0 	3.5 	0
Engku Aman 	0 	4.5 	0
Eng Neo 	0 	3.0 	0
Eng Watt 	0 	3.5 	0
Enterprise 	0 	10.0 	1
Ernani 	0 	6.0 	0
Erskine 	0 	7.0 	0
Essex 	0 	5.0 	0
Estate Office 	0 	6.0 	1
Ettrick 	0 	7.0 	0
Eu Chin 	0 	3.0 	0
Eunos 	0 	5.0 	0
Eunos 	1 	5.0 	0
Eu Tong Sen 	0 	3.0 	0
Evans 	0 	5.0 	0
Evelyn 	0 	6.0 	0
Evergreen 	0 	9.0 	1
Everitt 	0 	7.0 	0
Everton 	0 	7.0 	0
Ewart 	0 	5.0 	0
Ewe Boon 	0 	3.5 	1
Exeter 	0 	6.0 	0
Expo 	0 	4.0 	1
Faber 	0 	5.0 	0
Faculty 	0 	7.0 	1
Fair 	0 	4.0 	1
Fairways 	0 	8.0 	1
Fairy Point 	0 	5.0 	1
Fajar 	0 	5.0 	0
Falkland 	0 	8.0 	0
Fan Yoong 	0 	4.0 	0
Farleigh 	0 	8.0 	0
Farnborough 	0 	11.0 	0
Farrer 	0 	6.0 	0
Fernhill 	0 	8.0 	0
Fernwood 	0 	8.0 	0
Fidelio 	0 	7.0 	0
Fifth 	0 	5.0 	1
Fifth Lok Yang 	0 	4.0 	0
Figaro 	0 	6.0 	0
Fiji 	0 	4.0 	0
Finlayson 	0 	9.0 	0
Fir 	0 	3.0 	1
First 	0 	5.0 	1
First Hospital 	0 	6.5 	1
First Lok Yang 	0 	4.0 	0
Fisher 	0 	6.0 	1
Fishery Port 	0 	5.5 	1
Fish Farm 	0 	4.0 	1
Five Foot 	0 	4.0 	1
Flanders 	0 	8.0 	0
Flint 	0 	5.0 	1
Flora 	0 	5.0 	1
Florence 	0 	8.0 	1
Florida 	0 	7.0 	0
Florissa 	0 	8.0 	0
Flower 	0 	6.0 	1
Foch 	0 	4.0 	0
Folkestone 	0 	10.0 	0
Foo Kim Lin 	0 	3.0 	0
Ford 	0 	4.0 	1
Forfar 	0 	6.0 	0
Fort 	0 	4.0 	1
Fort Canning 	0 	5.5 	1
Fourth 	0 	6.0 	1
Fourth Chin Bee 	0 	4.33333333333 	1
Fourth Lok Yang 	0 	4.33333333333 	0
Fowlie 	0 	6.0 	0
Francis Thomas 	0 	6.5 	0
Frankel 	0 	7.0 	0
French 	0 	6.0 	1
Fudu 	0 	4.0 	0
Fullerton 	0 	9.0 	0
Fulton 	0 	6.0 	0
Gaharu 	1 	6.0 	0
Gajus 	1 	5.0 	0
Gali Batu 	1 	4.0 	0
Galistan 	0 	8.0 	0
Gallop 	0 	6.0 	1
Gambas 	0 	6.0 	1
Gambas 	1 	6.0 	1
Gambir 	0 	6.0 	1
Gambir 	1 	6.0 	1
Ganges 	0 	6.0 	0
Gangsa 	0 	6.0 	0
Gapis 	1 	5.0 	0
Garage 	0 	6.0 	1
Garden 	0 	6.0 	1
Gardenia 	0 	8.0 	1
Garlick 	0 	7.0 	0
Gateway 	0 	7.0 	1
Gek Poh 	0 	3.0 	0
Gelam 	1 	5.0 	0
Gelegar 	1 	7.0 	0
Gelenggang 	1 	10.0 	0
Gemala 	1 	6.0 	0
Gembira 	1 	7.0 	0
Gemmill 	0 	7.0 	0
Gendang 	1 	7.0 	0
Geneng 	1 	6.0 	0
Genting 	0 	7.0 	0
Gentle 	0 	6.0 	1
George 	0 	6.0 	0
Gerald 	0 	6.0 	0
Geylang 	0 	7.0 	0
Geylang 	1 	7.0 	0
Geylang Bahru 	0 	6.0 	0
Geylang Serai 	0 	6.0 	0
Ghim Moh 	0 	3.5 	0
Gibraltar 	0 	9.0 	0
Gillman 	0 	7.0 	0
Gilstead 	0 	8.0 	0
Gimbul 	1 	6.0 	0
Girang 	1 	6.0 	0
Gladiola 	0 	8.0 	1
Glasgow 	0 	7.0 	0
Gloucester 	0 	10.0 	0
Goldhill 	0 	8.0 	0
Gombak 	0 	6.0 	0
Goodlink 	0 	8.0 	0
Goodman 	0 	7.0 	1
Goodwood 	0 	8.0 	0
Gopeng 	0 	6.0 	0
Gordon 	0 	6.0 	0
Gosport 	0 	7.0 	1
Gotong Royong 	1 	6.0 	0
Grace 	0 	5.0 	1
Graham White 	0 	5.5 	1
Grange 	0 	6.0 	1
Gray 	0 	4.0 	0
Green 	0 	5.0 	1
Greenbank 	0 	9.0 	0
Greendale 	0 	9.0 	0
Greenfield 	0 	10.0 	1
Greenleaf 	0 	9.0 	0
Greenmead 	0 	9.0 	0
Greenpark 	0 	9.0 	0
Greenridge 	0 	10.0 	0
Greenview 	0 	9.0 	0
Greenwood 	0 	9.0 	1
Greja 	1 	5.0 	0
Grisek 	1 	6.0 	0
Grove 	0 	5.0 	1
Guan Chuan 	0 	4.5 	0
Guan Soon 	0 	4.0 	1
Guillemard 	0 	10.0 	0
Gul 	0 	3.0 	1
Gulega 	0 	6.0 	0
Gumilang 	1 	8.0 	0
Gunner 	0 	6.0 	1
Guok 	0 	4.0 	0
Gymkhana 	0 	8.0 	1
Hacienda 	0 	8.0 	1
Haig 	0 	4.0 	0
Haigsville 	0 	10.0 	0
Hai Sing 	0 	3.5 	0
Haji 	0 	4.0 	0
Haji Alias 	1 	4.5 	0
Hajijah 	1 	7.0 	0
Haji Salam 	1 	4.5 	0
Halifax 	0 	7.0 	0
Halton 	0 	6.0 	0
Halus 	1 	5.0 	0
Halwa 	1 	5.0 	0
Hamilton 	0 	8.0 	0
Hampshire 	0 	9.0 	0
Hampstead 	0 	9.0 	0
Handalan 	1 	8.0 	0
Handy 	0 	5.0 	1
Hang Jebat 	1 	4.5 	0
Happy 	0 	5.0 	1
Harbour 	0 	7.0 	0
Harding 	0 	7.0 	0
Hari Raya 	1 	4.0 	0
Harlyn 	0 	6.0 	0
Harom Setangkai 	1 	7.0 	0
Harper 	0 	6.0 	1
Harrison 	0 	8.0 	0
Hartley 	0 	7.0 	0
Harum 	1 	5.0 	0
Harvey 	0 	6.0 	0
Hastings 	0 	8.0 	1
Havelock 	0 	8.0 	1
Hawkinge 	0 	8.0 	0
Hay Market 	0 	4.5 	1
Hazel 	0 	5.0 	1
Hemmant 	0 	7.0 	0
Hemsley 	0 	7.0 	0
Henderson 	0 	9.0 	0
Hendon 	0 	6.0 	0
Hendry 	0 	6.0 	0
Heng Mui Keng 	0 	3.66666666667 	0
Hertford 	0 	8.0 	0
Hiboran 	1 	7.0 	0
High 	0 	4.0 	1
Highgate 	0 	8.0 	0
Highland 	0 	8.0 	1
Hikayat 	1 	7.0 	0
Hill 	0 	4.0 	1
Hillcrest 	0 	9.0 	1
Hillside 	0 	8.0 	1
Hillview 	0 	8.0 	0
Hindhede 	0 	8.0 	0
Hindoo 	0 	6.0 	0
Hitam Manis 	1 	5.0 	0
Hobart 	0 	6.0 	0
Ho Ching 	0 	3.5 	0
Hock Chye 	1 	4.0 	0
Hoe Chiang 	0 	4.5 	0
Hokien 	0 	6.0 	0
Holland 	0 	7.0 	1
Hollland 	0 	8.0 	0
Holt 	0 	4.0 	1
Hong Kah 	0 	3.5 	0
Hongkong 	0 	8.0 	0
Hong Lee 	0 	3.5 	1
Hong San 	0 	3.5 	1
Hon Sui Sen 	0 	3.0 	0
Hooper 	0 	6.0 	1
Hoot Kiam 	0 	4.0 	0
Hornchurch 	0 	10.0 	0
Horne 	0 	5.0 	0
Horsham 	0 	7.0 	0
Hospital 	0 	8.0 	1
Ho Swee 	1 	3.0 	0
Hougang 	0 	7.0 	0
Howard 	0 	6.0 	0
How Sun 	0 	3.0 	1
How Sun 	1 	3.0 	1
Hoy Fatt 	0 	3.5 	0
Hua Guan 	0 	3.5 	0
Hu Ching 	0 	3.5 	0
Huddington 	0 	10.0 	0
Hullet 	0 	6.0 	0
Hume 	0 	4.0 	0
Hun Yeang 	0 	4.0 	0
Hussein 	1 	7.0 	0
Hwi Yoh 	1 	3.0 	0
Hyde 	0 	4.0 	0
Hyderabad 	0 	9.0 	0
Hylam 	0 	5.0 	0
Hythe 	0 	5.0 	1
Ibadat 	1 	6.0 	0
Ikan Merah 	1 	4.5 	0
Ilmu 	1 	4.0 	0
Imbiah 	0 	6.0 	0
Indus 	0 	5.0 	0
Inggu 	1 	5.0 	0
Inner Temple 	0 	5.5 	1
Insaf 	1 	5.0 	0
Institution 	0 	11.0 	1
Intan 	1 	5.0 	0
International 	0 	13.0 	1
International Business 	0 	10.5 	1
Ipoh 	0 	4.0 	0
Iqbal 	0 	5.0 	0
Ironside 	0 	8.0 	1
Irrawaddy 	0 	9.0 	0
Irving 	0 	6.0 	0
Irwell 	0 	6.0 	0
Ishak 	1 	5.0 	0
Island 	0 	6.0 	1
Island Club 	0 	5.0 	1
Ismail 	1 	6.0 	0
Isnin 	1 	5.0 	0
Istana 	0 	6.0 	0
Istimewa 	1 	8.0 	0
Jacaranda 	0 	9.0 	1
Jago 	0 	4.0 	0
Jamal 	1 	5.0 	0
Jambol 	0 	6.0 	0
Jambu Ayer 	1 	4.5 	0
Jambu Batu 	1 	4.5 	0
Jambu Mawar 	1 	5.0 	0
Janggus 	1 	7.0 	0
Jansen 	0 	6.0 	0
Japanese 	0 	8.0 	0
Jarak 	1 	5.0 	0
Jasmine 	0 	7.0 	1
Jati 	1 	4.0 	0
Java 	0 	4.0 	1
Jedburgh 	0 	8.0 	0
Jelapang 	0 	8.0 	0
Jelebu 	0 	6.0 	0
Jelita 	1 	6.0 	0
Jellicoe 	0 	8.0 	0
Jendela 	1 	7.0 	0
Jentera 	1 	7.0 	0
Jermin 	1 	6.0 	0
Jeruju 	1 	6.0 	0
Jervois 	0 	7.0 	0
Jetty 	0 	5.0 	1
Jiak Chuan 	0 	4.5 	0
Jiak Kim 	0 	3.5 	0
Jintan 	1 	6.0 	0
Jitong 	1 	6.0 	0
Joan 	0 	4.0 	0
John 	0 	4.0 	1
Johore 	0 	6.0 	0
Jong 	1 	4.0 	0
Joo 	0 	3.0 	0
Joo Chiat 	0 	4.0 	0
Joo Hong 	0 	3.5 	0
Joo Koon 	0 	3.5 	0
Joon Hiang 	0 	4.5 	0
Joo Seng 	0 	3.5 	0
Joo Yee 	0 	3.0 	0
Joran 	1 	5.0 	0
Jubilee 	0 	7.0 	1
Jupiter 	0 	7.0 	0
Jurong 	0 	6.0 	0
Jurong Kechil 	1 	6.0 	0
Jurong Pier 	0 	5.0 	0
Jurong Port 	0 	5.0 	0
Jurong Town Hall 	0 	4.66666666667 	0
Kabong 	1 	6.0 	0
Kadayanallur 	0 	12.0 	0
Kakatua 	1 	7.0 	0
Kaki Bukit 	0 	4.5 	0
Kalidasa 	0 	8.0 	0
Kallang 	0 	7.0 	0
Kallang Bahru 	0 	6.0 	0
Kallang Pudding 	0 	7.0 	0
Kallang Tengah 	0 	6.5 	0
Kampong Ampat 	0 	6.0 	0
Kampong Arang 	0 	6.0 	0
Kampong Bahru 	0 	6.0 	0
Kampong Bugis 	0 	6.0 	0
Kampong Chantek 	1 	7.0 	0
Kampong Eunos 	0 	6.0 	0
Kampong Java 	0 	5.5 	1
Kampong Kapor 	0 	6.0 	0
Kampong Kayu 	0 	5.5 	0
Kampong Siglap 	1 	6.5 	0
Kampong Sireh 	0 	6.0 	0
Kampong Wak Hassan 	0 	5.33333333333 	0
Kandahar 	0 	8.0 	0
Kandis 	1 	6.0 	0
Kang Ching 	0 	4.5 	0
Kang Choo Bin 	0 	3.66666666667 	0
Kanisha Marican 	0 	7.0 	0
Kapal 	1 	5.0 	0
Karikal 	0 	7.0 	0
Kasai 	0 	5.0 	0
Kasau 	1 	5.0 	0
Kathi 	1 	5.0 	0
Katmandu 	0 	8.0 	0
Kay Poh 	0 	3.0 	1
Kay Siang 	0 	4.0 	0
Kayu 	1 	4.0 	0
Kayu Manis 	1 	4.5 	0
Kebasi 	1 	6.0 	0
Kebaya 	1 	6.0 	0
Kebun Limau 	1 	5.0 	0
Kechil 	1 	6.0 	0
Kechot 	1 	6.0 	0
Kechubong 	1 	9.0 	0
Kee Choe 	0 	3.5 	0
Kee Seng 	0 	3.5 	0
Kee Sun 	0 	3.0 	0
Kelabu Asap 	1 	5.0 	0
Kelantan 	0 	8.0 	0
Kelawar 	1 	7.0 	0
Kelempong 	1 	9.0 	0
Keli 	1 	4.0 	0
Kelichap 	1 	8.0 	0
Kellock 	0 	7.0 	0
Kelopak 	0 	7.0 	0
Kelulut 	0 	7.0 	0
Kelulut 	1 	7.0 	0
Kemajuan 	1 	8.0 	0
Kemaman 	1 	7.0 	0
Kembagan 	1 	8.0 	0
Kembang 	1 	7.0 	0
Kembangan 	1 	9.0 	0
Kembang Melati 	1 	6.5 	0
Kemboja 	1 	7.0 	0
Kempas 	0 	6.0 	0
Kemunchup 	1 	9.0 	0
Kemuning 	1 	8.0 	0
Kenanga 	0 	7.0 	0
Kenarah 	1 	7.0 	0
Keng Cheow 	0 	4.5 	0
Keng Chin 	0 	4.0 	0
Keng Kiat 	0 	4.0 	0
Keng Lee 	0 	3.5 	0
Kensington 	0 	10.0 	0
Kent 	0 	4.0 	1
Kenya 	0 	5.0 	0
Keong Saik 	0 	4.5 	0
Keppel 	0 	6.0 	0
Keramat 	0 	7.0 	0
Kerayong 	1 	8.0 	0
Kerbau 	0 	6.0 	0
Kerepek 	1 	7.0 	0
Keria 	1 	5.0 	0
Keris 	0 	5.0 	0
Keris 	1 	5.0 	0
Keruing 	1 	7.0 	0
Kesoma 	1 	6.0 	0
Kesudian 	1 	8.0 	0
Kesum 	1 	5.0 	0
Ketuka 	1 	6.0 	0
Ketumbit 	1 	8.0 	0
Kew 	0 	3.0 	0
Khairuddin 	1 	10.0 	0
Khalsa 	0 	6.0 	0
Khamis 	1 	6.0 	0
Kheam Hock 	0 	4.5 	0
Khiang Guan 	0 	5.0 	0
Kian Teck 	0 	4.0 	0
Kilang 	1 	6.0 	0
Kilang Barat 	1 	5.5 	0
Kilang Timor 	1 	5.5 	0
Kilat 	1 	5.0 	0
Killiney 	0 	8.0 	0
Kim Cheng 	0 	4.0 	0
Kim Chuan 	0 	4.0 	0
Kim Keat 	0 	3.5 	0
Kim Pong 	0 	3.5 	0
Kim Seng 	0 	3.5 	0
Kim Tian 	0 	3.5 	0
Kim Yam 	0 	3.0 	0
King Albert 	0 	5.0 	1
King George's 	0 	6.0 	0
King's 	0 	6.0 	1
Kingsmead 	0 	9.0 	0
Kingswear 	0 	9.0 	0
Kinta 	0 	5.0 	0
Kirk 	0 	4.0 	0
Kismis 	0 	6.0 	0
Kismis 	1 	6.0 	0
Kitchener 	0 	9.0 	1
Klang 	0 	5.0 	1
Klapa 	1 	5.0 	0
Kledek 	1 	6.0 	0
Klinik 	1 	6.0 	0
Kloof 	0 	5.0 	1
Knights 	0 	7.0 	1
Koek 	0 	4.0 	0
Koh Sek Lim 	0 	3.0 	0
Koon Seng 	0 	4.0 	0
Korban 	1 	6.0 	0
Korma 	1 	5.0 	1
Kovan 	0 	5.0 	0
Kramat 	0 	6.0 	0
Kranji 	0 	6.0 	0
Kreta Ayer 	0 	4.5 	0
Krian 	1 	5.0 	0
Kuak 	1 	4.0 	0
Kuala Loyang 	0 	5.5 	0
Kuang 	1 	5.0 	0
Kubor 	1 	5.0 	0
kukoh 	1 	5.0 	0
Kumia 	1 	5.0 	0
Kung Chong 	0 	4.5 	0
Kuning 	1 	6.0 	0
Kuo Chuan 	0 	4.0 	0
Kupang 	1 	6.0 	0
Kuras 	1 	5.0 	0
Kurau 	0 	5.0 	0
Kwok Min 	1 	3.5 	0
Kwong 	0 	5.0 	0
Kwong Min 	0 	4.0 	0
Labrador Villa 	0 	6.5 	1
Labu Ayer 	1 	4.0 	0
Labu Manis 	1 	4.5 	0
Labu Merah 	1 	4.5 	0
Labu Puteh 	1 	4.5 	0
Lada Hitam 	1 	4.5 	0
Lada Merah 	1 	4.5 	0
Lada Pati 	1 	4.0 	0
Lady 	0 	4.0 	1
Lagoon 	0 	6.0 	1
Lagos 	0 	5.0 	0
Laguna Golf 	0 	5.0 	1
Lakepoint 	0 	9.0 	0
Lakeshore 	0 	9.0 	1
Lakme 	0 	5.0 	0
Lakum 	1 	5.0 	0
Lambeth 	0 	7.0 	0
Lam Huat 	1 	3.5 	0
Lam Sam 	1 	3.0 	1
Lana 	1 	4.0 	1
Lancaster 	0 	9.0 	0
Lange 	0 	5.0 	0
Langgar Bedok 	1 	6.0 	0
Langsat 	0 	7.0 	0
Lanjut 	1 	6.0 	0
Lantana 	0 	7.0 	1
Lapang 	1 	6.0 	0
Larkhill 	0 	8.0 	0
Larut 	0 	5.0 	0
La Salle 	0 	3.5 	1
Lasia 	0 	5.0 	0
Lateh 	1 	5.0 	0
Lavender 	0 	8.0 	1
Law 	0 	3.0 	1
Layang Layang 	1 	6.0 	0
Leban 	1 	5.0 	0
Lebat Daun 	1 	4.5 	0
Leedon 	0 	6.0 	0
Legundi 	1 	7.0 	0
Leicester 	0 	9.0 	0
Leith 	0 	5.0 	0
Lekar 	1 	5.0 	0
Lekub 	1 	5.0 	0
Lembah Bedok 	1 	5.5 	0
Lembah Kallang 	1 	6.5 	0
Lembah Thomson 	1 	6.5 	0
Lembu 	0 	5.0 	0
Lemon 	0 	5.0 	1
Lempeng 	0 	7.0 	0
Lempeng 	1 	7.0 	0
Leng Kee 	0 	3.5 	0
Lengkok Sembawang 	1 	8.0 	0
Lentor 	0 	6.0 	1
Leo 	0 	3.0 	0
Leonie 	0 	6.0 	0
Lepas 	1 	5.0 	0
Lermit 	0 	6.0 	0
Leuchars 	0 	8.0 	0
Lewin 	0 	5.0 	0
Lewis 	0 	5.0 	1
Lew Lian 	0 	3.5 	0
Lew Lian 	1 	3.5 	0
Leyden 	0 	6.0 	0
Liane 	0 	5.0 	1
Liang Seah 	0 	4.5 	0
Libra 	0 	5.0 	1
Lichfield 	0 	9.0 	0
Lichi 	0 	5.0 	0
Lighthouse 	0 	10.0 	1
Li Hwan 	0 	3.0 	1
Lilac 	0 	5.0 	1
Lily 	0 	4.0 	1
Lima 	1 	4.0 	1
Lim Ah Pin 	0 	2.66666666667 	0
Lim Ah Woo 	0 	2.66666666667 	0
Limau 	0 	5.0 	0
Limau 	1 	5.0 	0
Limau Balli 	1 	5.0 	0
Limau Kasturi 	1 	6.0 	0
Limau Manis 	1 	5.0 	0
Limau Nipis 	1 	5.0 	0
Limau Purut 	1 	5.0 	0
Limbok 	1 	6.0 	0
Lim Chu Kang 	0 	3.33333333333 	0
Lim Liak 	0 	3.5 	0
Lim Tai See 	0 	3.0 	0
Lim Tai See 	1 	3.0 	0
Lim Teck Boo 	0 	3.33333333333 	0
Lim Teck Kim 	0 	3.33333333333 	0
Lim Tua Tow 	0 	3.0 	0
Lincoln 	0 	7.0 	0
Linden 	0 	6.0 	1
Link 	0 	4.0 	1
Li Po 	0 	2.0 	1
Liput 	1 	5.0 	0
Little 	0 	6.0 	1
Little India 	0 	5.5 	0
Liu Fang 	0 	3.5 	0
Lloyd 	0 	5.0 	0
Lock 	0 	4.0 	1
Loewen 	0 	6.0 	0
Lokam 	1 	5.0 	0
Loke Yew 	0 	3.5 	1
Lok Yang 	0 	3.5 	0
Lompang 	0 	7.0 	0
Lornie 	0 	6.0 	0
Lorong Realty 	0 	6.0 	0
Lothian 	0 	7.0 	0
Lotus 	0 	5.0 	1
Lower 	0 	5.0 	1
Lower Delta 	0 	5.0 	1
Lower Kent 	0 	4.5 	1
Low Koon 	1 	3.5 	0
Lowland 	0 	7.0 	1
Loyang 	0 	6.0 	0
Loyang Besar 	0 	5.5 	0
Loyang Besar 	1 	5.5 	0
Lucky 	0 	5.0 	1
Ludlow 	0 	6.0 	0
Lutheran 	0 	8.0 	0
Lye Kwee 	1 	3.5 	0
Lyndhurst 	0 	9.0 	0
Lynwood 	0 	7.0 	0
MacAlister 	0 	10.0 	0
Machang 	1 	7.0 	0
MacKenzie 	0 	9.0 	0
MacKerrow 	0 	9.0 	0
MacPherson 	0 	10.0 	0
MacTaggart 	0 	10.0 	0
Madras 	0 	6.0 	1
Magazine 	0 	8.0 	1
Mahir 	1 	5.0 	0
Maida 	0 	5.0 	0
Maidstone 	0 	9.0 	0
Main 	0 	4.0 	1
Majapahit 	1 	9.0 	0
Maju 	0 	4.0 	0
Makepeace 	0 	9.0 	0
Makeway 	0 	7.0 	0
Malabar 	0 	7.0 	0
Malacca 	0 	7.0 	1
Malai 	1 	5.0 	0
Malan 	0 	5.0 	0
Malcolm 	0 	7.0 	0
Malta 	0 	5.0 	0
Malu-Malu 	1 	9.0 	0
Mambong 	1 	7.0 	0
Ma'mor 	1 	6.0 	0
Mandai 	0 	6.0 	0
Mandai Lake 	0 	5.0 	0
Mandalay 	0 	8.0 	0
Mangis 	0 	6.0 	0
Manila 	0 	6.0 	0
Manis 	1 	5.0 	0
Manston 	0 	7.0 	0
Maple 	0 	5.0 	1
Marang 	0 	6.0 	0
Maranta 	0 	7.0 	1
Margaret 	0 	8.0 	0
Margate 	0 	7.0 	0
Margoliouth 	0 	11.0 	0
Maria 	0 	5.0 	1
Mariam 	0 	6.0 	0
Mariam 	1 	6.0 	0
Marican 	1 	7.0 	0
Marigold 	0 	8.0 	1
Marina 	0 	6.0 	1
Marina Bay 	0 	4.5 	1
Marina Coastal 	0 	6.5 	1
Marina Station 	0 	6.5 	1
Marine 	0 	6.0 	1
Marine Parade 	0 	6.0 	1
Maritime 	0 	8.0 	1
Market 	0 	6.0 	1
Marlene 	0 	7.0 	0
Marne 	0 	5.0 	0
Marshall 	0 	8.0 	1
Marsiling 	0 	9.0 	0
Martaban 	0 	8.0 	0
Mar Thoma 	0 	4.0 	0
Martia 	0 	6.0 	0
Martin 	0 	6.0 	1
Martlesham 	0 	10.0 	0
Maryland 	0 	8.0 	0
Marymount 	0 	9.0 	0
Marzuki 	1 	7.0 	0
Mashhor 	1 	7.0 	0
Masjid 	1 	6.0 	1
Mas Kuning 	1 	4.5 	0
Mas Merah 	1 	4.0 	0
Mas Puteh 	1 	4.0 	0
Mastuli 	1 	7.0 	0
Mata 	0 	4.0 	0
Mata Ayer 	1 	4.0 	0
Mat Jambol 	1 	4.5 	0
Matlock 	0 	7.0 	0
Mattar 	0 	6.0 	0
Maude 	0 	5.0 	0
Mawar 	1 	5.0 	0
Maxwell 	0 	7.0 	1
May 	0 	3.0 	1
Mayaanam 	1 	8.0 	0
Mayfield 	0 	8.0 	0
Mayflower 	0 	9.0 	1
Mayne 	0 	5.0 	0
Mayo 	0 	4.0 	1
McCallum 	0 	8.0 	0
McNair 	0 	6.0 	0
Medical 	0 	7.0 	1
Medway 	0 	6.0 	0
Mega 	1 	4.0 	1
Mei Chin 	0 	3.5 	0
Mei Hwan 	0 	3.5 	0
Melati 	1 	6.0 	0
Melayu 	1 	6.0 	0
Melor 	1 	5.0 	0
Melrose 	0 	7.0 	0
Melukut 	1 	7.0 	0
Membina 	1 	7.0 	0
Membina Barat 	1 	6.0 	0
Mempurong 	1 	9.0 	0
Menarong 	1 	8.0 	0
Mendong 	1 	7.0 	0
Mengkudu 	1 	8.0 	0
Meng Suan 	0 	4.0 	0
Meragi 	0 	6.0 	0
Merah Saga 	1 	4.5 	0
Merak 	1 	5.0 	0
Merbau 	0 	6.0 	0
Merbok 	0 	6.0 	0
Merbok 	1 	6.0 	0
Merchant 	0 	8.0 	1
Merdu 	1 	5.0 	0
Mergui 	0 	6.0 	0
Merino 	0 	6.0 	1
Merlimau 	1 	8.0 	0
Merpati 	0 	7.0 	0
Merryn 	0 	6.0 	0
Mesin 	1 	5.0 	0
Mesra 	1 	5.0 	0
Metropole 	0 	9.0 	0
Meyappa Chettiar 	0 	7.5 	0
Meyer 	0 	5.0 	0
Middle 	0 	6.0 	1
Middlesex 	0 	9.0 	0
Miller 	0 	6.0 	1
Mimosa 	0 	6.0 	1
Minbu 	0 	5.0 	0
Minden 	0 	6.0 	0
Minggu 	1 	6.0 	0
Ming Teck 	0 	4.0 	0
Minto 	0 	5.0 	0
Minyak 	1 	6.0 	0
Mistri 	0 	6.0 	0
Mohamad Ali 	0 	5.0 	0
Mohamad Sultan 	0 	6.5 	0
Moh Guan 	0 	3.5 	0
Monk's 	0 	6.0 	1
Montreal 	0 	8.0 	0
Moon 	0 	4.0 	1
Moonbeam 	0 	8.0 	1
Moonstone 	0 	9.0 	1
Moreton 	0 	7.0 	0
Morley 	0 	6.0 	0
Mornington 	0 	10.0 	0
Morse 	0 	5.0 	1
Mosque 	0 	6.0 	1
Moulmein 	0 	8.0 	0
Mountbatten 	0 	11.0 	0
Mount Echo 	0 	4.5 	1
Mount Elizabeth 	0 	7.0 	0
Mount Emily 	0 	5.0 	0
Mount Faber 	0 	5.0 	0
Mount Pleasant 	0 	6.5 	1
Mount Rosie 	0 	5.0 	0
Mount Sinai 	0 	5.0 	0
Mount Sophia 	0 	5.5 	1
Mount Vernon 	0 	5.5 	0
Mugliston 	0 	9.0 	0
Mugliston 	1 	9.0 	0
Muhibbah 	1 	8.0 	0
Mulberry 	0 	8.0 	1
Mulia 	1 	5.0 	0
Munshi Abdullah 	0 	7.0 	0
Murai 	0 	5.0 	0
Murai 	1 	5.0 	0
Murray 	0 	6.0 	1
Muscat 	0 	6.0 	1
Muswell 	0 	7.0 	0
Muthuraman Chetty 	0 	8.0 	0
Mutiara 	1 	7.0 	0
Mydin 	1 	5.0 	0
Naga Sari 	1 	4.0 	1
Nakhoda 	1 	7.0 	0
Nallur 	0 	6.0 	0
Namly 	0 	5.0 	0
Nam Seng 	1 	3.5 	0
Nangka 	1 	6.0 	0
Nankin 	0 	6.0 	1
Nanson 	0 	6.0 	0
Nanyang 	0 	7.0 	0
Napier 	0 	6.0 	0
Napiri 	1 	6.0 	0
Narayanan Chetty 	0 	7.5 	0
Narooma 	0 	7.0 	0
Nassim 	0 	6.0 	0
Nathan 	0 	6.0 	0
Naung 	1 	5.0 	0
Nee Soon 	0 	3.5 	0
Neil 	0 	4.0 	0
Nelson 	0 	6.0 	1
Nemesu 	0 	6.0 	0
Neo Pee Teck 	0 	3.33333333333 	0
Neo Tiew 	0 	3.5 	0
Neram 	0 	5.0 	0
Netheravon 	0 	10.0 	0
New 	0 	3.0 	1
New Bugis 	0 	4.0 	0
New Changi 	0 	4.5 	0
New Loyang 	0 	4.5 	0
New Market 	0 	4.5 	1
Newton 	0 	6.0 	1
Neythal 	0 	7.0 	0
Nicoll 	0 	6.0 	0
Nile 	0 	4.0 	0
Nim 	0 	3.0 	1
Nipah 	1 	5.0 	0
Nira 	1 	4.0 	0
Niven 	0 	5.0 	0
Noordin 	0 	7.0 	0
Norfolk 	0 	7.0 	0
Norma 	0 	5.0 	0
Normanton 	0 	9.0 	0
Norris 	0 	6.0 	0
Northolt 	0 	8.0 	0
Northumberland 	0 	14.0 	0
Northwood 	0 	9.0 	0
Novena 	0 	6.0 	1
Novena 	1 	6.0 	1
Novena Barat 	1 	5.5 	0
Novena Selatan 	1 	6.5 	0
Novena Timor 	1 	5.5 	0
Novena Utara 	1 	5.5 	0
Nuri 	1 	4.0 	0
Nutmeg 	0 	6.0 	1
Oak 	0 	3.0 	1
Oakwood 	0 	7.0 	1
Ocean 	0 	5.0 	1
Oei Tiong Ham 	0 	3.66666666667 	0
Office 	0 	6.0 	1
Oldham 	0 	6.0 	0
Olive 	0 	5.0 	1
Omar Khayyam 	0 	5.5 	0
Onan 	0 	4.0 	0
One Tree 	0 	3.5 	1
Ong Lye 	1 	3.0 	0
Onraet 	0 	6.0 	0
Ontario 	0 	7.0 	0
Opal 	0 	4.0 	1
Ophir 	0 	5.0 	0
Orange 	0 	6.0 	1
Orchard 	0 	7.0 	1
Orchard Spring 	0 	6.5 	1
Orchid 	0 	6.0 	1
Orchid Club 	0 	5.0 	1
Ord 	0 	3.0 	0
Oriole 	0 	6.0 	1
Ottawa 	0 	6.0 	0
Outram 	0 	6.0 	0
Owen 	0 	4.0 	0
Oxford 	0 	6.0 	1
Oxley 	0 	5.0 	0
Pacheli 	1 	7.0 	0
Padang Chancery 	0 	7.0 	1
Padang Jeringau 	0 	7.0 	0
Pagoda 	0 	6.0 	1
Pahang 	0 	6.0 	0
Pakis 	1 	5.0 	0
Pakistan 	0 	8.0 	0
Palm 	0 	4.0 	1
Palmer 	0 	6.0 	1
Panchar 	1 	7.0 	0
Pandan 	0 	6.0 	0
Pandan 	1 	6.0 	0
Pang Seng 	0 	4.0 	0
Papan 	1 	5.0 	0
Paradise 	0 	8.0 	1
Paranakan 	0 	9.0 	0
Paras 	1 	5.0 	1
Parbury 	0 	7.0 	0
Pari Burong 	1 	5.0 	0
Pari Dedap 	1 	4.5 	0
Pari Kikis 	1 	4.5 	0
Pari Unak 	1 	4.0 	0
Park 	0 	4.0 	1
Parkstone 	0 	9.0 	0
Park Villas 	0 	5.0 	1
Parliament 	0 	10.0 	1
Parry 	0 	5.0 	1
Parsi 	0 	5.0 	0
Pasar 	0 	5.0 	0
Pasar Baru 	1 	4.5 	0
Pasiran 	1 	7.0 	0
Pasir Laba 	0 	4.5 	0
Pasir Panjang 	0 	6.0 	0
Pasir Panjang RoadView 	0 	6.66666666667 	0
Pasir Ria 	1 	4.0 	0
Pasir Ris 	0 	4.0 	0
Pasu 	1 	4.0 	0
Paterson 	0 	8.0 	0
Payah 	1 	5.0 	0
Paya Lebar 	0 	4.5 	0
Paya Lebar 	1 	4.5 	0
Payoh Lai 	1 	4.0 	0
Peach 	0 	5.0 	1
Peakville 	0 	9.0 	0
Pearl 	0 	5.0 	1
Pearl's 	0 	7.0 	1
Pebble 	0 	6.0 	1
Peck Hay 	0 	3.5 	1
Peck Seah 	0 	4.0 	0
Peel 	0 	4.0 	1
Pegu 	0 	4.0 	0
Peirce 	0 	6.0 	0
Pei Wah 	0 	3.0 	0
Pekin 	0 	5.0 	1
Pelajau 	1 	7.0 	0
Pelangi 	1 	7.0 	0
Pelatina 	1 	8.0 	0
Pelatok 	1 	7.0 	0
Pelepah 	1 	7.0 	0
Pelikat 	1 	7.0 	0
Pemimpin 	0 	8.0 	0
Pemimpin 	1 	8.0 	0
Penang 	0 	6.0 	1
Penchalak 	1 	9.0 	0
Pendek 	1 	6.0 	0
Pender 	0 	6.0 	0
Pending 	0 	7.0 	1
Peng Nguan 	0 	4.5 	0
Penhas 	0 	6.0 	0
Penjara 	1 	7.0 	0
Penjuru 	0 	7.0 	0
Pennefather 	0 	11.0 	0
Penshurst 	0 	9.0 	0
Pepys 	0 	5.0 	0
Perahu 	1 	6.0 	0
Perak 	0 	5.0 	0
Percival 	0 	8.0 	0
Pereira 	0 	7.0 	1
Pergam 	1 	6.0 	0
Perimeter 	0 	9.0 	1
Permata 	1 	7.0 	0
Pernama 	1 	7.0 	0
Perumal 	0 	7.0 	0
Pesari 	0 	6.0 	0
Pesawat 	1 	7.0 	0
Petain 	0 	6.0 	0
Petir 	0 	5.0 	0
Pheng Geck 	0 	4.5 	0
Philip 	0 	6.0 	0
Phillips 	0 	8.0 	0
Phoenix 	0 	7.0 	1
Piala 	1 	5.0 	0
Piccadilly 	0 	10.0 	1
Pickering 	0 	9.0 	0
Pier 	0 	4.0 	1
Pillai 	0 	6.0 	0
Pinang 	1 	6.0 	1
Pine 	0 	4.0 	1
Pinewood 	0 	8.0 	1
Pintau 	1 	6.0 	0
Pioneer 	0 	7.0 	1
Pipit 	0 	5.0 	1
Piring 	1 	6.0 	0
Pisang 	1 	6.0 	0
Pisang Asam 	1 	5.0 	0
Pisang Batu 	1 	5.0 	0
Pisang Emas 	1 	5.0 	0
Pisang Hijau 	1 	5.5 	0
Pisang Raja 	1 	5.0 	0
Pisang Udang 	1 	5.5 	0
Pitt 	0 	4.0 	0
Plantation 	0 	10.0 	1
Platina 	0 	7.0 	1
Playfair 	0 	8.0 	0
Plumer 	0 	6.0 	0
Plymouth 	0 	8.0 	0
Poh Huat 	0 	3.5 	0
Pokok Serunai 	1 	6.0 	0
Ponggol 	0 	7.0 	0
Poole 	0 	5.0 	0
Port 	0 	4.0 	1
Portchester 	0 	11.0 	0
Portsdown 	0 	9.0 	0
Potong Pasir 	0 	5.5 	0
Preston 	0 	7.0 	0
Primrose 	0 	8.0 	1
Prince 	0 	6.0 	1
Prince Charles 	0 	6.5 	0
Prince Edward 	0 	6.0 	0
Prince George's 	0 	7.0 	0
Prince of Wales 	0 	4.33333333333 	1
Prince Philip 	0 	6.0 	0
Prinsep 	0 	7.0 	0
Prome 	0 	5.0 	0
Puay Hee 	0 	3.5 	0
Pulasan 	0 	7.0 	0
Punai 	1 	5.0 	0
Punggol 	0 	7.0 	0
Punggol Port 	0 	5.5 	0
Puntong 	1 	7.0 	0
Purmei 	1 	6.0 	0
Purvis 	0 	6.0 	0
Puteh Jerneh 	1 	5.5 	0
Puteh Jula Juli 	1 	4.33333333333 	0
Puyoh 	1 	5.0 	0
Quality 	0 	7.0 	1
Quee Chew 	1 	4.0 	0
Queen 	0 	5.0 	1
Queen Astrid 	0 	5.5 	0
Queen Elizabeth 	0 	7.0 	0
Queen's 	0 	7.0 	1
Queen's Row 	0 	5.0 	1
Queensway 	0 	9.0 	0
Quemoy 	0 	6.0 	0
Rabu 	1 	4.0 	0
Race Course 	0 	5.0 	1
Raeburn 	0 	7.0 	0
Raffles 	0 	7.0 	1
Raffles Institution 	0 	9.0 	1
Raglan 	0 	6.0 	1
Rahmat 	1 	6.0 	0
Rajah 	1 	5.0 	1
Raja Udang 	1 	4.5 	0
Rajawali 	1 	8.0 	0
Rakit 	1 	5.0 	0
Rama Rama 	1 	4.0 	0
Rambai 	0 	6.0 	0
Rambau 	0 	6.0 	0
Rambutan 	0 	8.0 	1
Ramsgate 	0 	8.0 	0
Rangoon 	0 	7.0 	0
Rasok 	1 	5.0 	0
Ratus 	0 	5.0 	1
Raya 	1 	4.0 	1
Read 	0 	4.0 	1
Rebana 	1 	6.0 	0
Rebecca 	0 	7.0 	0
Recreation 	0 	10.0 	1
Redhill 	0 	7.0 	0
Redop 	1 	5.0 	0
Redwood 	0 	7.0 	1
Refinery 	0 	8.0 	1
Regent 	0 	6.0 	1
Remaja 	1 	6.0 	0
Remis 	1 	5.0 	0
Rendang 	1 	7.0 	0
Rengas 	1 	6.0 	1
Rengkam 	1 	7.0 	0
Republic 	0 	8.0 	1
Resak 	1 	5.0 	0
Reservoir 	0 	9.0 	1
Rhu 	0 	3.0 	0
Ria 	1 	3.0 	1
Riang 	1 	5.0 	0
Richards 	0 	8.0 	0
Ridgewood 	0 	9.0 	0
Ridley 	0 	6.0 	1
Ridout 	0 	6.0 	0
Rienzi 	0 	6.0 	0
Rifle Range 	0 	5.0 	1
Rimau 	1 	5.0 	0
Rindu 	1 	5.0 	0
Ring 	0 	4.0 	1
Ringwood 	0 	8.0 	0
Ripley 	0 	6.0 	0
River 	0 	5.0 	1
Riverina 	0 	8.0 	0
Riverside 	0 	9.0 	1
Riviera 	0 	7.0 	1
Road 	0 	4.0 	1
Roberts 	0 	7.0 	0
Robertson 	0 	9.0 	0
Robey 	0 	5.0 	0
Robin 	0 	5.0 	1
Robinson 	0 	8.0 	0
Rochalie 	0 	8.0 	0
Rochdale 	0 	8.0 	0
Rochester 	0 	9.0 	0
Rochor 	0 	6.0 	0
Rochor Canal 	0 	5.5 	0
Rodyk 	0 	5.0 	0
Rose 	0 	4.0 	1
Roseburn 	0 	8.0 	0
Rosewood 	0 	8.0 	1
Ross 	0 	4.0 	0
Rosyth 	0 	6.0 	0
Rotan 	0 	5.0 	0
Rowell 	0 	6.0 	0
Royal 	0 	5.0 	1
Ruby 	0 	4.0 	1
Rukam 	1 	5.0 	0
Rumah Tinggi 	1 	5.5 	0
Rumbia 	1 	6.0 	0
Rumia 	1 	5.0 	0
Russels 	0 	7.0 	1
Rusuk 	1 	5.0 	0
Rutland 	0 	7.0 	0
Sabit 	1 	5.0 	0
Saga 	1 	4.0 	1
Sago 	0 	4.0 	1
Sahabat 	1 	7.0 	0
Sahad 	1 	5.0 	0
Saiboo 	0 	6.0 	0
Sajak 	1 	5.0 	0
Sakra 	0 	5.0 	0
Salam 	0 	5.0 	0
Salang 	1 	6.0 	0
Salleh 	1 	6.0 	0
Sallim 	0 	6.0 	0
Samak 	1 	5.0 	0
Samarinda 	1 	9.0 	0
Sam Kongsi 	1 	4.5 	0
Sam Leong 	0 	4.0 	0
Sampan 	0 	6.0 	1
Sampurna 	1 	8.0 	0
Samulun 	1 	7.0 	0
Sandilands 	0 	10.0 	0
Sandown 	0 	7.0 	0
Sandwich 	0 	8.0 	1
Sandy 	0 	5.0 	1
Sankam 	1 	6.0 	0
Sappan 	1 	6.0 	1
Saraca 	0 	6.0 	0
Sari 	1 	4.0 	1
Sarina 	1 	6.0 	0
Sarkies 	0 	7.0 	0
Sarum 	0 	5.0 	0
Satu 	1 	4.0 	0
Saudara Ku 	1 	4.5 	0
Saujana 	0 	7.0 	0
Saunders 	0 	8.0 	0
Sayang 	1 	6.0 	0
Science 	0 	7.0 	1
Scotts 	0 	6.0 	0
Sea 	0 	3.0 	1
Sea Breeze 	0 	4.5 	1
Seagull 	0 	7.0 	1
Seah 	0 	4.0 	0
Seah Im 	0 	3.0 	0
Sealand 	0 	7.0 	0
Seaview 	1 	7.0 	0
Second 	0 	6.0 	1
Second Chin Bee 	0 	4.33333333333 	1
Second Hospital 	0 	7.0 	1
Second Lok Yang 	0 	4.33333333333 	0
Sedap 	1 	5.0 	0
Segam 	1 	5.0 	0
Seh Chuan 	1 	4.0 	0
Sejarah 	1 	7.0 	0
Selamat 	1 	7.0 	0
Selangat 	1 	8.0 	0
Selanting 	1 	9.0 	0
Selarang 	0 	8.0 	0
Selaseh 	1 	7.0 	0
Selegie 	0 	7.0 	0
Selendang Delima 	1 	7.5 	0
Seletar 	0 	7.0 	0
Seletar Club 	0 	5.5 	0
Seletar Hills 	0 	6.0 	0
Seletar Satellite Station 	0 	7.66666666667 	0
Selimang 	1 	8.0 	0
Semangka 	1 	8.0 	0
Sembawang 	0 	9.0 	0
Sembawang Hills 	0 	7.0 	0
Sembilang 	1 	9.0 	0
Sembong 	0 	7.0 	0
Semerbak 	1 	8.0 	0
Sempadan 	1 	8.0 	0
Senandong 	1 	9.0 	0
Senang 	0 	6.0 	0
Senang 	1 	6.0 	0
Sendudok 	1 	8.0 	0
Sengkang 	0 	8.0 	0
Seng Poh 	0 	3.5 	0
Seni 	1 	4.0 	0
Senja 	0 	5.0 	0
Sennett 	0 	7.0 	0
Senoko 	0 	6.0 	0
Sentosa 	0 	7.0 	0
Sentosa 	1 	7.0 	0
Senyum 	1 	6.0 	0
Serambi 	1 	7.0 	0
Seranggong Kechil 	1 	8.0 	0
Serangoon 	0 	9.0 	0
Serapong 	0 	8.0 	0
Serapong Course 	0 	7.0 	0
Seraya 	0 	6.0 	0
Serenade 	0 	8.0 	1
Serene 	1 	6.0 	1
Serengam 	1 	8.0 	0
Seruling 	1 	8.0 	0
Sesuai 	1 	6.0 	0
Setia 	1 	5.0 	0
Seton 	0 	5.0 	1
Shaer 	1 	5.0 	0
Shamah 	0 	6.0 	0
Shan 	0 	4.0 	1
Shanghai 	0 	8.0 	1
Shangri-La 	0 	10.0 	0
Shaw 	0 	4.0 	1
Shelford 	0 	8.0 	0
Shenton 	0 	7.0 	0
Shepherd's 	0 	10.0 	1
Sherwood 	0 	8.0 	0
Shipyard 	0 	8.0 	1
Short 	0 	5.0 	1
Shrewsbury 	0 	10.0 	0
Shunfu 	0 	6.0 	0
Siak Kew 	0 	3.5 	0
Siang Kuang 	0 	5.0 	0
Siang Lim 	0 	4.0 	0
Siantan 	1 	7.0 	0
Sian Tuan 	0 	4.0 	0
Siap 	1 	4.0 	0
Siglap 	0 	6.0 	0
Siglap 	1 	6.0 	0
Sikudangan 	1 	10.0 	0
Silat 	0 	5.0 	0
Silosa 	0 	6.0 	0
Siloso 	0 	6.0 	0
Sime 	0 	4.0 	0
Simei 	0 	5.0 	0
Simon 	0 	5.0 	0
Simpang Bedok 	1 	6.0 	0
Sims 	0 	4.0 	1
Sinaran 	1 	7.0 	0
Sinar Bintang 	1 	6.0 	0
Sinar Bulan 	1 	5.0 	0
Sindor 	1 	6.0 	0
Sing 	0 	4.0 	1
Singa 	1 	5.0 	0
Sing Joo 	0 	3.5 	0
Sin Ming 	0 	3.5 	1
Siok Wan 	0 	3.5 	0
Sirat 	0 	5.0 	0
Sireh 	1 	5.0 	0
Sireh Pinang 	1 	5.5 	0
Sit Wah 	0 	3.0 	0
Sixth 	0 	5.0 	1
Sixth Lok Yang 	0 	4.0 	0
Smith 	0 	5.0 	1
Solomon 	0 	7.0 	0
Somerset 	0 	8.0 	1
Somme 	0 	5.0 	0
Sommerville 	0 	11.0 	0
Songket 	1 	7.0 	0
Soo Bee 	1 	3.0 	0
Soo Chow 	0 	3.5 	0
Soon Lee 	0 	3.5 	1
Soon Wing 	0 	4.0 	1
Sophia 	0 	6.0 	1
Sotong 	1 	6.0 	0
Spooner 	0 	7.0 	1
Sports 	0 	6.0 	1
Spottiswoode 	0 	12.0 	0
Spring 	0 	6.0 	1
Springleaf 	0 	10.0 	0
Springside 	0 	10.0 	0
Springwood 	0 	10.0 	1
Stadium 	0 	7.0 	1
Stagmont 	0 	8.0 	0
Stamford 	0 	8.0 	0
St. Andrew's 	0 	5.5 	0
Stangee 	0 	7.0 	0
Stangee 	1 	7.0 	0
Stanley 	0 	7.0 	0
St. Anne's 	0 	4.5 	0
Starlight 	0 	9.0 	1
St. Barnabas 	0 	5.5 	0
Stephen Lee 	0 	5.0 	0
Stevens 	0 	7.0 	1
St. Francis 	0 	5.0 	0
St. George's 	0 	5.5 	0
St. Gregory's 	0 	6.0 	0
St. Helena 	0 	4.5 	0
St. Helier's 	0 	5.5 	0
Still 	0 	5.0 	1
Stirling 	0 	8.0 	0
St. John's 	0 	4.5 	0
St. Margaret's 	0 	6.5 	0
St. Martin's 	0 	5.5 	0
St. Michael's 	0 	6.0 	0
St. Nicholas 	0 	5.5 	0
Stockport 	0 	9.0 	0
Stokesay 	0 	8.0 	0
Stone 	0 	5.0 	1
Stores 	0 	6.0 	1
St. Patrick's 	0 	6.0 	0
Strathmore 	0 	10.0 	0
Stratton 	0 	8.0 	0
St. Thomas 	0 	4.5 	0
Students 	0 	8.0 	1
Sturdee 	0 	7.0 	0
St. Wilfred 	0 	5.0 	0
St. Xavier's 	0 	5.5 	0
Suasa 	1 	5.0 	0
Sudan 	0 	5.0 	0
Suffolk 	0 	7.0 	0
Suka 	1 	4.0 	0
Sukachita 	1 	9.0 	0
Sultan 	0 	6.0 	1
Sultan 	1 	6.0 	1
Summer 	0 	6.0 	1
Sum Wah Chee 	0 	3.33333333333 	0
Sunbird 	0 	7.0 	1
Sundrige 	0 	8.0 	0
Sungei 	0 	6.0 	0
Sungei 	1 	6.0 	0
Sungei Belang 	1 	6.0 	0
Sungei Gedong 	0 	6.0 	0
Sungei Kadut 	0 	5.5 	0
Sungei Poyan 	1 	5.5 	0
Sungei Tengah 	0 	6.0 	0
Sunrise 	0 	7.0 	1
Sunrise Villa 	0 	6.0 	1
Sunset 	0 	6.0 	1
Sunshine 	0 	8.0 	1
Surau 	1 	5.0 	0
Surin 	0 	5.0 	0
Surrey 	0 	6.0 	1
Sussex 	0 	6.0 	0
Swallow 	0 	7.0 	1
Swanage 	0 	7.0 	0
Swan Lake 	0 	4.0 	1
Swettenham 	0 	10.0 	0
Swiss 	0 	5.0 	1
Swiss Club 	0 	4.5 	1
Swiss Cottage 	0 	6.0 	1
Syed Alwi 	0 	4.0 	0
Synagogue 	0 	9.0 	1
Tagore 	0 	6.0 	0
Tahar 	1 	5.0 	0
Tah Ching 	0 	4.0 	0
Tai Gin 	0 	3.0 	1
Tai Hwan 	0 	3.5 	1
Tai Keng 	0 	3.5 	0
Tai Seng 	0 	3.5 	0
Tai Seng 	1 	3.5 	0
Tai Thong 	0 	4.0 	1
Tai Yuan 	0 	3.5 	1
Talma 	0 	5.0 	1
Taman 	1 	5.0 	0
Tamarind 	0 	8.0 	1
Tamban 	1 	6.0 	0
Tambur 	1 	6.0 	1
Tampang 	1 	7.0 	0
Tampines 	0 	8.0 	0
Tanah Merah Besar 	0 	5.0 	0
Tanah Merah Ferry 	0 	5.0 	0
Tanah Merah Kechil 	0 	5.33333333333 	0
Tanah Puteh 	1 	5.0 	0
Tanah Rata 	1 	4.5 	0
Tan Boon Chong 	0 	4.0 	0
Tanggam 	1 	7.0 	0
Tanglin 	0 	7.0 	0
Tanglin Halt 	0 	5.5 	0
Tangmere 	0 	8.0 	0
Tani 	1 	4.0 	0
Tanjong 	0 	7.0 	0
Tanjong 	1 	7.0 	0
Tanjong Katong 	0 	6.5 	0
Tanjong Kling 	0 	6.0 	0
Tanjong Pagar 	0 	6.0 	0
Tanjong Penjuru 	0 	7.0 	0
Tanjong Rhu 	0 	5.0 	0
Tank 	0 	4.0 	1
Tan Kim Cheng 	0 	3.66666666667 	0
Tannery 	0 	7.0 	1
Tan Quee Lan 	0 	3.33333333333 	0
Tan Sim Boh 	0 	3.0 	1
Tan Tock Seng 	1 	3.66666666667 	0
Tan Tye 	0 	3.0 	1
Tao Ching 	0 	4.0 	0
Tapisan 	1 	7.0 	0
Tari Dulang 	1 	5.0 	0
Tari Lilin 	1 	4.5 	0
Tari Payong 	1 	5.0 	0
Tari Piring 	1 	5.0 	0
Tari Serimpi 	1 	5.5 	0
Tari Zapin 	1 	4.5 	0
Tarum 	1 	5.0 	0
Tavistock 	0 	9.0 	0
Tawas 	1 	5.0 	1
Tay Lian Teck 	0 	3.66666666667 	0
Teachers' Housing 	0 	8.0 	0
Teban 	0 	5.0 	0
Teban 	1 	5.0 	0
Tech 	0 	4.0 	0
Technology 	0 	10.0 	1
Teck Chye 	0 	4.0 	0
Teck Guan 	0 	4.0 	0
Teck Kee 	1 	3.5 	0
Teck Lim 	0 	3.5 	0
Teck Whye 	0 	4.0 	0
Teck Whye 	1 	4.0 	0
Tekad 	1 	5.0 	0
Tekukor 	1 	7.0 	0
Telang 	1 	6.0 	0
Telawi 	1 	6.0 	0
Telegraph 	0 	9.0 	1
Telipok 	1 	7.0 	0
Teliti 	1 	6.0 	0
Telok 	1 	5.0 	0
Telok Ayer 	0 	4.5 	0
Telok Blangah 	0 	6.0 	0
Telok Kurau 	0 	5.0 	0
Telok Kurau 	1 	5.0 	0
Telok Paku 	0 	4.5 	0
Temasek 	0 	7.0 	0
Tembeling 	0 	9.0 	0
Tembusu 	1 	7.0 	0
Temechut 	1 	8.0 	0
Temenggong 	0 	10.0 	0
Temple 	0 	6.0 	1
Tempua 	1 	6.0 	0
Tenaga 	1 	6.0 	0
Tenang 	1 	6.0 	0
Tengah 	0 	6.0 	0
Tenggiri 	1 	8.0 	0
Teng Tong 	0 	4.0 	0
Tenon 	1 	5.0 	1
Tenteram 	1 	8.0 	0
Teo Hong 	0 	3.5 	0
Teo Kim Eng 	0 	3.0 	0
Teow Hock 	0 	4.0 	0
Tepong 	1 	6.0 	0
Terang Bulan 	0 	5.5 	0
Terang Bulan 	1 	5.5 	0
Terap 	1 	5.0 	0
Terentang 	1 	9.0 	0
Terigu 	1 	6.0 	0
Terubok 	1 	7.0 	0
Terusan 	1 	7.0 	0
Tessensohn 	0 	10.0 	0
Tew Chew 	0 	3.5 	1
Tham Soong 	0 	4.5 	0
The Inglewood 	0 	6.0 	0
The Oval 	0 	3.5 	1
Thiam Siew 	0 	4.5 	0
Third 	0 	5.0 	1
Third Chin Bee 	0 	4.0 	1
Third Hospital 	0 	6.5 	1
Third Lok Yang 	0 	4.0 	0
Thomson 	0 	7.0 	0
Thomson Hills 	0 	6.0 	0
Thong Bee 	0 	4.0 	1
Thong Soon 	0 	4.5 	1
Thrift 	0 	6.0 	1
Tiga 	1 	4.0 	0
Tiga Ratus 	1 	4.5 	0
Tiong 	1 	5.0 	0
Tiong Bahru 	0 	5.0 	0
Tiong Poh 	0 	4.0 	0
Tiverton 	0 	8.0 	0
Toa Payoh 	0 	4.0 	0
Toa Payoh 	1 	4.0 	0
Todak 	1 	5.0 	0
Toh 	0 	3.0 	0
Toh Guan 	0 	3.5 	0
Toh Tuck 	0 	3.5 	0
Toh Yi 	0 	2.5 	0
Tomlinson 	0 	9.0 	0
Tongkol 	1 	7.0 	0
Tong Lee 	0 	3.5 	1
Tong Watt 	0 	4.0 	1
Topaz 	0 	5.0 	1
Toronto 	0 	7.0 	0
Tosca 	0 	5.0 	0
Towner 	0 	6.0 	0
Townshend 	0 	9.0 	0
Tractor 	0 	7.0 	1
Trafalgar 	0 	9.0 	0
Transit 	0 	7.0 	1
Tras 	0 	4.0 	0
Trengganu 	0 	9.0 	0
Trevose 	0 	7.0 	0
Tronoh 	0 	6.0 	0
Truro 	0 	5.0 	0
Tuah 	0 	4.0 	0
Tua Kong 	0 	3.5 	0
Tua Kong 	1 	3.5 	0
Tuas 	0 	4.0 	0
Tuas Basin 	0 	4.5 	0
Tudor 	0 	5.0 	0
Tu Fu 	0 	2.0 	0
Tujoh 	1 	5.0 	0
Tukang 	1 	6.0 	0
Tukang Dua 	1 	4.5 	0
Tukang Empat 	1 	5.5 	0
Tukang Lima 	1 	5.0 	0
Tukang Satu 	1 	5.0 	0
Tukang Tiga 	1 	5.0 	0
Tukol 	1 	5.0 	0
Tumpu 	1 	5.0 	0
Tung Po 	0 	3.0 	1
Tupai 	1 	5.0 	0
Turf Club 	0 	4.0 	1
Turi 	1 	4.0 	0
Turnhouse 	0 	9.0 	0
Turut 	0 	5.0 	0
Tyersall 	0 	8.0 	0
Tyrwhitt 	0 	8.0 	0
Ubi 	0 	3.0 	0
Ubi 	1 	3.0 	0
Uji 	1 	3.0 	0
Ulu Pandan 	0 	4.5 	0
Ulu Seletar 	1 	5.0 	0
Ulu Sembawang 	1 	6.0 	0
Ulu Siglap 	1 	4.5 	0
Unggas 	1 	6.0 	0
Unity 	0 	5.0 	1
University 	0 	10.0 	1
Upavon 	0 	6.0 	0
Usaha 	1 	5.0 	0
Valley 	0 	6.0 	1
Vanda 	0 	5.0 	1
Vaughan 	0 	7.0 	0
Veeragoo 	0 	8.0 	0
Veerasamy 	0 	9.0 	0
Venus 	0 	5.0 	1
Verdun 	0 	6.0 	0
Vernon 	0 	6.0 	0
Victoria 	0 	8.0 	1
View 	0 	4.0 	1
Vigilante 	0 	9.0 	1
Viking 	0 	6.0 	1
Vista 	0 	5.0 	1
Wajek 	0 	5.0 	0
Wajek 	1 	5.0 	0
Wakaff 	1 	6.0 	0
Wak Selat 	1 	4.0 	0
Wallace 	0 	7.0 	0
Wallich 	0 	7.0 	0
Walmer 	0 	6.0 	0
Walshe 	0 	6.0 	0
Walton 	0 	6.0 	0
Wangi 	1 	5.0 	0
Wan Lee 	0 	3.0 	1
Wan Shih 	0 	3.5 	0
Wan Tho 	0 	3.0 	1
Wareham 	0 	7.0 	0
Waringin 	0 	8.0 	0
Waringin 	1 	8.0 	0
Warna 	1 	5.0 	0
Warwick 	0 	7.0 	0
Waterloo 	0 	8.0 	1
Watten 	0 	6.0 	0
Wee Nam 	0 	3.0 	1
Weld 	0 	4.0 	1
Wellington 	0 	10.0 	1
Wessex 	0 	6.0 	0
Westbourne 	0 	10.0 	0
Westerhout 	0 	10.0 	0
Western 	0 	7.0 	1
Westlake 	0 	8.0 	0
Westridge 	0 	9.0 	0
Westwood 	0 	8.0 	0
Weyhill 	0 	7.0 	0
Whampoa 	0 	7.0 	0
Whitchurch 	0 	10.0 	0
White House 	0 	5.0 	1
Whitley 	0 	7.0 	0
Wholesale 	0 	9.0 	1
Wilby 	0 	5.0 	0
Wilkie 	0 	6.0 	0
Wilkinson 	0 	9.0 	0
Willow 	0 	6.0 	1
Wilmonar 	0 	8.0 	0
Wilton 	0 	6.0 	0
Wiltshire 	0 	9.0 	0
Wimborne 	0 	8.0 	0
Winchester 	0 	10.0 	0
Windsor 	0 	7.0 	0
Winsor 	0 	6.0 	0
Winstedt 	0 	8.0 	0
Wishart 	0 	7.0 	0
Wittering 	0 	9.0 	1
Woking 	0 	6.0 	0
Wolskel 	0 	7.0 	0
Wong Chin Yoke 	0 	4.0 	0
Woodbridge 	1 	10.0 	0
Woodgrove 	0 	9.0 	0
Woodlands 	0 	9.0 	1
Woodleigh 	0 	9.0 	0
Woodsville 	0 	10.0 	0
Woollerton 	0 	10.0 	0
Woolwich 	0 	8.0 	0
Woo Mon Chew 	0 	3.33333333333 	0
Worcester 	0 	9.0 	1
Worthing 	0 	8.0 	1
Xilin 	0 	5.0 	0
Yan Kit 	0 	3.0 	0
Yarrow 	0 	6.0 	1
Yarwood 	0 	7.0 	0
Yasin 	1 	5.0 	0
Yee Tee 	0 	3.0 	0
Yew Siang 	0 	4.0 	0
Yew Tee 	0 	3.0 	1
Yio Chu Kang 	0 	3.33333333333 	0
Yishun 	0 	6.0 	0
Yong Siak 	0 	4.0 	0
York 	0 	4.0 	1
Youngberg 	0 	9.0 	0
Yuan Ching 	0 	4.5 	0
Yuk Tong 	0 	3.5 	1
Yung An 	0 	3.0 	0
Yung Ho 	0 	3.0 	0
Yung Kuang 	0 	4.5 	0
Yung Loh 	0 	3.5 	0
Yung Ping 	0 	4.0 	0
Yung Sheng 	0 	4.5 	0
Yunnan 	0 	6.0 	0
Zamrud 	1 	6.0 	0
Zehnder 	0 	7.0 	0
Zion 	0 	4.0 	0
